ID,Name,Position,ADP,Team,,Instructions
1228244,Bijan Robinson,RB,1.3672543,ATL,,1. Rank players in column A and B in order of how you would like them to appear in your pre-draft rankings.
1214154,Jahmyr Gibbs,RB,1.8289576,DET,,2. Note: The ID in column A is what will determine the order of the pre-draft rankings. Remember to keep these next to the corresponding player. You must include an ID for each player; you cannot use just the player's name.
1109979,Ja'Marr Chase,WR,3.2223902,CIN,,3. Upload as a CSV file and save ranking.
1162128,Puka Nacua,WR,4.4447947,LAR
1214087,Jaxon Smith-Njigba,WR,5.046869,SEA
830517,Christian McCaffrey,RB,6.0486426,SF
1065406,Jonathan Taylor,RB,7.192711,IND
1127106,Amon-Ra St. Brown,WR,8.280049,DET
1069535,Justin Jefferson,WR,9.170622,MIN
1062020,CeeDee Lamb,WR,10.329414,DAL
1131012,James Cook III,RB,11.064001,BUF
1379646,Ashton Jeanty,RB,12.286348,LV
1231820,De'Von Achane,RB,13.847586,MIA
1164402,Kenneth Walker III,RB,14.387225,KC
883302,Saquon Barkley,RB,15.521059,PHI
1108161,Trey McBride,TE,16.802303,ARI
1398572,Omarion Hampton,RB,18.155437,LAC
1178741,Drake London,WR,18.821754,ATL
1451501,Jeremiyah Love,RB,19.140602,FA
1286059,Malik Nabers,WR,19.741587,NYG
1173538,Rashee Rice,WR,21.788073,KC
1123379,Chase Brown,RB,21.973368,CIN
732145,Derrick Henry,RB,22.686,BAL
1285917,Brock Bowers,TE,24.014841,LV
1172053,George Pickens,WR,24.901354,DAL
868199,Josh Allen,QB,25.535814,BUF
1074698,Nico Collins,WR,26.488209,HOU
1122592,Chris Olave,WR,27.33481,NO
944416,Josh Jacobs,RB,29.2407,GB
978577,Travis Etienne Jr.,RB,30.854273,NO
944826,A.J. Brown,WR,31.106947,PHI
1167361,Kyren Williams,RB,32.228497,LAR
978579,Tee Higgins,WR,33.847885,CIN
1380576,Tetairoa McMillan,WR,34.278706,CAR
1287825,Emeka Egbuka,WR,35.01288,TB
1164889,Garrett Wilson,WR,36.428806,NYJ
1162537,Breece Hall,RB,37.2179,NYJ
1107881,Javonte Williams,RB,38.99009,DAL
1378821,Colston Loveland,TE,40.232807,CHI
877790,DJ Moore,WR,41.04605,BUF
1177053,Zay Flowers,WR,41.309517,BAL
1287923,Bucky Irving,RB,42.86938,TB
1377732,Luther Burden III,WR,43.12074,CHI
1218643,Ladd McConkey,WR,44.306175,LAC
1060262,DeVonta Smith,WR,45.278584,PHI
593587,Mike Evans,WR,45.787292,SF
611417,Davante Adams,WR,47.84646,LAR
1383807,Quinshon Judkins,RB,49.01256,CLE
1125749,Jaylen Waddle,WR,49.347027,DEN
946739,David Montgomery,RB,50.478565,HOU
1175184,Jameson Williams,WR,51.352074,DET
877745,Lamar Jackson,QB,52.28388,BAL
1287837,TreVeyon Henderson,RB,53.17182,NE
836116,Terry McLaurin,WR,53.96356,WAS
1213727,Rome Odunze,WR,55.312023,CHI
1327169,Bhayshul Tuten,RB,56.461143,JAX
1280316,Cam Skattebo,RB,56.61482,NYG
878785,Joe Burrow,QB,57.480843,CIN
1067918,Christian Watson,WR,59.600544,GB
1069808,D'Andre Swift,RB,60.357327,CHI
1229074,Parker Washington,WR,60.82842,JAX
1229083,Tyler Warren,TE,62.245377,IND
1441839,Carnell Tate,WR,64.10788,FA
1107027,Alec Pierce,WR,64.93916,IND
1287828,Marvin Harrison Jr.,WR,65.716125,ARI
1286445,Caleb Williams,QB,65.9788,CHI
1172401,RJ Harvey,RB,67.307396,DEN
1161228,Jayden Daniels,QB,68.09288,WAS
1286803,Drake Maye,QB,69.239006,NE
1123529,Michael Wilson,WR,71.01557,ARI
1062047,Chuba Hubbard,RB,71.743324,CAR
913271,Jalen Hurts,QB,72.726654,PHI
1441120,Makai Lemon,WR,73.664764,FA
1286064,Brian Thomas Jr.,WR,74.19523,JAX
1174682,Rhamondre Stevenson,RB,75.07247,NE
1394752,Harold Fannin Jr.,TE,75.314316,CLE
591816,Dak Prescott,QB,77.93931,DAL
838878,Courtland Sutton,WR,78.68946,DEN
1181874,Tucker Kraft,TE,79.55565,GB
1110711,Trevor Lawrence,QB,80.594864,JAX
835127,Chris Godwin Jr.,WR,81.070915,TB
945633,DK Metcalf,WR,82.9884,PIT
1176443,Jaylen Warren,RB,84.63243,PIT
1394692,Jordyn Tyson,WR,85.80831,FA
1164875,Wan'Dale Robinson,WR,86.42197,TEN
910562,Justin Herbert,QB,86.66809,LAC
1286260,Jaxson Dart,QB,87.21984,NYG
1122653,Romeo Doubs,WR,88.78735,NE
933480,Rico Dowdle,RB,88.8907,PIT
839031,Patrick Mahomes,QB,90.92509,KC
323205,Matthew Stafford,QB,91.25212,LAR
1131198,Tyler Allgeier,RB,92.56595,ARI
1123026,Kyle Pitts Sr.,TE,92.7699,ATL
1161416,Ricky Pearsall,WR,94.63077,SF
1168926,Sam LaPorta,TE,95.36499,DET
1121761,Brock Purdy,QB,96.86079,SF
880151,Jakobi Meyers,WR,96.95465,JAX
1161899,Bo Nix,QB,98.09568,DEN
1214250,Jordan Addison,WR,98.16061,MIN
976513,J.K. Dobbins,RB,98.71858,DEN
1250886,Kyle Monangai,RB,99.18357,CHI
727837,Jared Goff,QB,101.79889,DET
1213865,Quentin Johnston,WR,103.20119,LAC
1229540,Blake Corum,RB,104.478386,LAR
879799,Kyler Murray,QB,105.30045,MIN
911348,Michael Pittman Jr.,WR,107.2565,PIT
733672,George Kittle,TE,107.908104,SF
912137,Jordan Love,QB,108.158905,GB
880398,Tony Pollard,RB,109.136795,TEN
748070,Baker Mayfield,QB,110.40712,TB
1123398,Jayden Reed,WR,110.47897,GB
1383791,Jadarian Price,RB,112.35,FA
1135513,Dalton Kincaid,TE,112.67344,BUF
1130705,Kenneth Gainwell,RB,114.826225,TB
1325624,Oronde Gadsden II,TE,115.93918,LAC
1326638,Xavier Worthy,WR,116.494194,KC
1164530,Zach Charbonnet,RB,117.2812,SEA
1110306,Tyler Shough,QB,117.32891,NO
1215077,Josh Downs,WR,119.0464,IND
1130603,Khalil Shakir,WR,119.07985,BUF
791365,Dallas Goedert,TE,121.694214,PHI
1218753,Jalen Coker,WR,123.74783,CAR
1441576,KC Concepcion,WR,124.45777,FA
976323,Malik Willis,QB,124.60144,MIA
1116001,Jordan Mason,RB,124.76377,MIN
1065361,Jake Ferguson,TE,126.65607,DAL
448240,Travis Kelce,TE,126.86999,KC
880026,Sam Darnold,QB,128.39014,SEA
1379267,Matthew Golden,WR,128.63217,GB
1229343,Rachaad White,RB,130.94998,WAS
1274492,Jayden Higgins,WR,132.1272,HOU
1113403,Chris Rodriguez Jr.,RB,132.24503,JAX
1444547,Kenyon Sadiq,TE,132.54726,FA
1125111,Isaiah Likely,TE,134.09702,NYG
1213726,Jalen McMillan,WR,134.60173,TB
1214084,C.J. Stroud,QB,135.73218,HOU
879981,Daniel Jones,QB,136.15822,IND
741314,Aaron Jones Sr.,RB,137.58421,MIN
1191186,Jacory Croskey-Merritt,RB,139.07011,WAS
1213257,Bryce Young,QB,141.34605,CAR
1289428,Mike Washington Jr.,RB,142.81024,FA
1164940,Brenton Strange,TE,144.47046,JAX
1228691,Cam Ward,QB,145.4413,TEN
923412,Rashid Shaheed,WR,145.61848,SEA
884609,Juwan Johnson,TE,145.73363,NO
607047,Jacoby Brissett,QB,146.4412,ARI
1394825,Omar Cooper Jr.,WR,146.70348,FA
867009,Jauan Jennings,WR,148.96992,FA
1326601,Jonathon Brooks,RB,149.35898,CAR
820699,Mark Andrews,TE,149.80067,BAL
1380594,Jonah Coleman,RB,152.1838,FA
1231652,Woody Marks,RB,153.7579,HOU
694041,Stefon Diggs,WR,153.86316,FA
823156,Tyreek Hill,WR,155.03429,FA
1109708,Tyrone Tracy Jr.,RB,155.48895,NYG
744425,Hunter Henry,TE,155.9036,NE
742390,James Conner,RB,156.3588,ARI
1400786,Fernando Mendoza,QB,156.67023,FA
1106374,Chig Okonkwo,TE,156.91461,WAS
1399275,Travis Hunter,WR,158.58919,JAX
1379904,Denzel Boston,WR,159.7738,FA
1107034,Brandon Aiyuk,WR,160.56114,SF
1447759,Emanuel Wilson,RB,161.04713,SEA
1222789,Keaton Mitchell,RB,163.5522,LAC
1106832,Isiah Pacheco,RB,164.81366,DET
1213362,Kayshon Boutte,WR,167.31796,NE
973935,Jerry Jeudy,WR,167.43365,CLE
923915,T.J. Hockenson,TE,167.81291,MIN
513856,Geno Smith,QB,167.96562,NYJ
1126817,Jalen Nailor,WR,171.30844,LV
835749,Deebo Samuel Sr.,WR,171.40715,FA
1229503,AJ Barner,TE,172.69165,SEA
830523,Dalton Schultz,TE,174.42728,HOU
1441362,Isaac TeSlaa,WR,174.76097,DET
1379251,Emmett Johnson,RB,176.32137,FA
1169430,Tyjae Spears,RB,176.7339,TEN
1128222,Tank Dell,WR,178.20268,HOU
884013,Calvin Ridley,WR,178.54709,TEN
1399910,Dylan Sampson,RB,178.68234,CLE
1285908,Adonai Mitchell,WR,181.08818,NYJ
865801,Christian Kirk,WR,182.01152,SF
750846,Alvin Kamara,RB,182.38461,NO
973966,Brian Robinson Jr.,RB,182.57892,ATL
1286065,Eli Stowers,TE,183.96552,FA
973947,Tua Tagovailoa,QB,187.35474,ATL
1214633,Tre' Harris,WR,187.80577,LAC
1060312,Colby Parkinson,TE,188.90776,LAR
1173255,Malik Washington,WR,189.56052,MIA
1215035,Tank Bigsby,RB,189.89958,PHI
1214824,Kimani Vidal,RB,192.48932,LAC
1164979,Tre Tucker,WR,193.01047,LV
1215102,Chimere Dike,WR,193.12086,TEN
1381263,Mason Taylor,TE,193.73581,NYJ
832098,David Njoku,TE,194.66315,FA
1049263,Cade Otton,TE,197,TB
1379264,Nicholas Singleton,RB,198.46504,FA
912027,Darnell Mooney,WR,198.76698,NYG
1286176,Troy Franklin,WR,200.95398,DEN
1286438,Gunnar Helm,TE,201.08704,TEN
1272321,Shedeur Sanders,QB,201.19934,CLE
1248031,Trey Benson,RB,201.68552,ARI
403308,Kirk Cousins,QB,201.79291,LV
1325231,Braelon Allen,RB,202.33337,NYJ
213957,Aaron Rodgers,QB,204.97136,FA
1223393,Tory Horton,WR,204.9985,SEA
1400657,Jordan James,RB,206.19183,SF
1393832,Ryan Flournoy,WR,206.86745,DAL
1305866,Pat Bryant,WR,208.02664,DEN
1107478,Michael Penix Jr.,QB,210.09088,ATL
1165229,Ray Davis,RB,210.19016,BUF
1400788,Chris Brazzell II,WR,211.16394,FA
976220,Hollywood Brown,WR,211.75194,PHI
1286179,Terrance Ferguson,TE,211.95226,LAR
698227,Cooper Kupp,WR,213.13092,SEA
1228633,Sean Tucker,RB,213.69597,TB
1116662,Pat Freiermuth,TE,214.91968,PIT
1392584,Elijah Sarratt,WR,215.20276,FA
1068872,Jake Tonges,TE,216.13026,SF
1380613,Germie Bernard,WR,216.31526,FA
973964,Najee Harris,RB,219.32162,FA
1110681,Justin Fields,QB,219.96613,KC
1379259,Kaytron Allen,RB,220.41241,FA
1164788,Devaughn Vele,WR,220.42851,NO
1214414,Theo Johnson,TE,220.8139,NYG
828743,Deshaun Watson,QB,220.8914,CLE
1287599,J.J. McCarthy,QB,221.47592,MIN
1378917,Ty Simpson,QB,221.60004,FA
1180625,George Holani,RB,221.83643,SEA
607843,Marcus Mariota,QB,221.9333,WAS
702808,Mack Hollins,WR,222.59122,NE
1441110,Zachariah Branch,WR,222.92764,FA
1395319,Elic Ayomanor,WR,223.68268,TEN
1377766,Ollie Gordon II,RB,223.74544,MIA
1128085,Greg Dulcich,TE,224.38919,MIA
820727,Joe Mixon,RB,225.19386,FA
1378898,Jaydon Blue,RB,225.60387,DAL
1394803,Trevor Etienne,RB,225.8043,CAR
1213782,Will Howard,QB,225.9091,PIT
1116817,Emari Demercado,RB,226.2286,KC
1322431,Keon Coleman,WR,226.29134,BUF
1399132,Brenen Thompson,WR,226.6,FA
1066424,Jalen Tolbert,WR,226.6557,MIA
923109,Justice Hill,RB,226.70476,BAL
216342,Joe Flacco,QB,226.80298,CIN
1381902,Kaleb Johnson,RB,226.9278,PIT
1213414,MarShawn Lloyd,RB,226.98914,GB
836152,Mike Gesicki,TE,227.00769,CIN
973945,Mac Jones,QB,227.1333,SF
1521285,Ted Hurst,WR,227.28531,FA
1218658,Darnell Washington,TE,227.30301,PIT
1389700,Chris Bell,WR,227.59538,FA
1313668,Brashard Smith,RB,227.8069,KC
1324856,Eric McAlister,WR,227.8125,FA
1390910,Demond Claiborne,RB,227.82245,FA
1213799,Marvin Mims Jr.,WR,227.8686,DEN
1403969,Eli Raridon,TE,227.90323,FA
749185,Evan Engram,TE,227.9467,DEN
604176,Tyler Higbee,TE,227.97751,LAR
1319589,Malachi Fields,WR,228.0862,FA
1172428,Dontayvion Wicks,WR,228.17883,GB
1401683,Max Klare,TE,228.21176,FA
877784,Ty Johnson,RB,228.21333,BUF
1056981,Noah Gray,TE,228.275,KC
880557,Darius Slayton,WR,228.292,NYG
692660,Kalif Raymond,WR,228.32759,CHI
1124664,Cedric Tillman,WR,228.3611,CLE
1213636,Xavier Hutchinson,WR,228.381,HOU
1110301,Tyquan Thornton,WR,228.50421,KC
1378156,Sam Roush,TE,228.6957,FA
1465213,Jahdae Walker,WR,228.7455,CHI
1286164,Dont'e Thornton Jr.,WR,228.8169,LV
1326628,Ja'Tavion Sanders,TE,228.84212,CAR
1286513,Jaylen Wright,RB,229.02989,MIA
1317230,Roman Hemby,RB,229.0455,FA
1325234,Skyler Bell,WR,229.12766,FA
1214837,Tez Johnson,WR,229.20001,TB
1126338,Isaac Guerendo,RB,229.27275,SF
1286370,Jaylin Noel,WR,229.31032,HOU
1180321,Xavier Legette,WR,229.3944,CAR
557210,Keenan Allen,WR,229.40167,FA
1398503,Isaiah Bond,WR,229.4316,CLE
975028,Malik Davis,RB,229.49062,DAL
1108208,Rashod Bateman,WR,229.56302,BAL
1227157,Kyle Williams,WR,229.57928,NE
1172024,Treylon Burks,WR,229.6452,WAS
865958,KaVontae Turpin,WR,229.7419,DAL
1127065,Chris Brooks,RB,229.76471,GB
883976,Olamide Zaccheaus,WR,229.7667,ATL
1164846,Luke McCaffrey,WR,229.8592,WAS
1286046,Jack Bech,WR,229.9552,LV
1405928,Justin Joly,TE,230,FA
1458888,Ja'Kobi Lane,WR,230.0952,FA
1125737,Jerome Ford,RB,230.2093,WAS
600191,Darren Waller,TE,230.2381,FA
1286840,Elijah Arroyo,TE,230.3611,SEA
727279,Demarcus Robinson,WR,230.4,SF
1378290,Antonio Williams,WR,230.41669,FA
1062765,Calvin Austin III,WR,230.44827,NYG
1215772,Kaelon Black,RB,230.5,FA
1228730,Tahj Brooks,RB,230.57692,CIN
1277914,Devontez Walker,WR,230.75478,BAL
754412,Kendrick Bourne,WR,230.83678,ARI
1121878,Jahan Dotson,WR,230.8471,ATL
1378840,LeQuint Allen Jr.,RB,230.9828,JAX
1271609,Isaiah Davis,RB,231.0909,NYJ
1286818,De'Zhaun Stribling,WR,231.0909,FA
1303569,DJ Giddens,RB,231.1486,IND
746613,Kareem Hunt,RB,231.16672,FA
1066765,Cole Kmet,TE,231.34348,CHI
1293066,Devin Neal,RB,231.34447,NO
820734,Samaje Perine,RB,231.4375,CIN
1124851,Andrei Iosivas,WR,231.5898,CIN
1232592,Michael Mayer,TE,231.70488,LV
1106760,Tutu Atwell,WR,231.7222,MIA
1213794,Seth McGowan,RB,231.8095,FA
1175693,DeMario Douglas,WR,231.8667,NE
1325016,Bryce Lance,WR,232.02856,FA
503177,Zach Ertz,TE,232.1176,FA
691536,Jameis Winston,QB,232.1538,NYG
1381105,Oscar Delp,TE,232.2381,FA
1215022,Anthony Richardson Sr.,QB,232.2667,IND
1290165,Riley Leonard,QB,232.3333,IND
1378284,Adam Randall,RB,232.4462,FA
1160348,John Metchie III,WR,232.5556,CAR
1164533,Erick All Jr.,TE,232.5833,CIN
884083,Dawson Knox,TE,232.6923,BUF
1213867,Kendre Miller,RB,,NO
1228920,Ben Sinnott,TE,,WAS
1163866,Zonovan Knight,RB,,ARI
790004,Austin Ekeler,RB,,FA
1107826,Antonio Gibson,RB,,FA
607864,Brandin Cooks,WR,,FA
1323708,Michael Trigg,TE,,FA
1214405,KeAndre Lambert-Smith,WR,,LAC
1277947,J'Mari Taylor,RB,,FA
1402713,Le'Veon Moss,RB,,FA
1378911,Jam Miller,RB,,FA
1246039,Terion Stewart,RB,,FA
1215306,Noah Whittington,RB,,FA
1381444,Dean Connors,RB,,FA
1399587,Desmond Reid,RB,,FA
1395681,CJ Donaldson,RB,,FA
1377757,Jaydn Ott,RB,,FA
1287798,Deion Burks,WR,,FA
1378905,Aaron Anderson,WR,,FA
1446502,Eric Rivers,WR,,FA
1229756,Joe Royer,TE,,FA
1380368,Tanner Koziol,TE,,FA
1321291,Audric Estime,RB,,NO
1286048,Chris Hilton Jr.,WR,,FA
1214689,Jaylin Lane,WR,,WAS
1400852,Jack Endries,TE,,FA
1403491,Jalen Royals,WR,,KC
1213340,Carson Beck,QB,,FA
1286037,Garrett Nussmeier,QB,,FA
1477140,Trinidad Chambliss,QB,,FA
1378287,Cade Klubnik,QB,,FA
1384651,Diego Pavia,QB,,FA
1399272,Kevin Coleman Jr.,WR,,FA
1226616,CJ Daniels,WR,,FA
1325475,Josh Cameron,WR,,FA
1395843,Barion Brown,WR,,FA
1394798,Caleb Douglas,WR,,FA
1378660,Dane Key,WR,,FA
1333868,Quinn Ewers,QB,,MIA
1289332,Konata Mumpfield,WR,,LAR
1461173,Dallen Bentley,TE,,FA
1288387,John Michael Gyllenborg,TE,,FA
865844,Jake Browning,QB,,TB
1163273,Jordan Whittington,WR,,LAR
1164137,Jawhar Jordan,RB,,HOU
1060550,Hunter Long,TE,,JAX
1322393,Jimmy Horn Jr.,WR,,CAR
1287641,Phil Mafah,RB,,DAL
1113381,Brenden Bates,TE,,CLE
1121075,Jordan Travis,QB,,FA
865868,Jarrett Stidham,QB,,DEN
1213872,Savion Williams,WR,,GB
916466,Devin Singletary,RB,,NYG
1174752,Spencer Rattler,QB,,NO
822857,Nick Chubb,RB,,FA
743749,Jonnu Smith,TE,,FA
560241,DeAndre Hopkins,WR,,FA
1122035,Daniel Bellinger,TE,,TEN
739424,Austin Hooper,TE,,ATL
1161853,Elijah Higgins,TE,,ARI
401534,Russell Wilson,QB,,FA
1179790,Luke Musgrave,TE,,GB
1289471,Mitchell Evans,TE,,CAR
1271738,Jaleel McLaughlin,RB,,DEN
976221,Grant Calcaterra,TE,,PHI
1216288,Efton Chism III,WR,,NE
1176730,Skyy Moore,WR,,GB
694931,Eric Saubert,TE,,SEA
1107536,Devin Culp,TE,,TB
935104,Khalil Herbert,RB,,FA
832220,Justin Watson,WR,,HOU
1121873,Will Mallory,TE,,IND
1163272,Jared Wiley,TE,,KC
882345,Drew Lock,QB,,SEA
1319185,Jarquez Hunter,RB,,LAR
1059220,Brandon Smith,WR,,PIT
836104,Parris Campbell,WR,,DAL
885029,Noah Togiai,TE,,FA
1057461,Rocky Lombardi,QB,,FA
891115,Diontae Johnson,WR,,FA
728338,Ezekiel Elliott,RB,,FA
1290102,Jalen Milroe,QB,,SEA
613866,Carson Wentz,QB,,MIN
1213881,Ja'Lynn Polk,WR,,NE
973949,Tyrell Shavers,WR,,BUF
691278,Sterling Shepard,WR,,FA
923911,Noah Fant,TE,,NO
835909,JuJu Smith-Schuster,WR,,FA
1060311,Davis Mills,QB,,HOU
1130555,Tommy Tremble,TE,,CAR
1161664,Davis Allen,TE,,LAR
881779,Josh Oliver,TE,,MIN
838179,Tim Patrick,WR,,FA
503184,Taysom Hill,TE,,FA
1067309,Zavier Scott,RB,,MIN
1229669,Roman Wilson,WR,,PIT
1124338,Tyler Badie,RB,,DEN
920758,Lil'Jordan Humphrey,WR,,DEN
1215305,Mitch Tinsley,WR,,CIN
728169,Mitchell Trubisky,QB,,TEN
975387,Isaiah Hodgins,WR,,NYG
944038,John Bates,TE,,WAS
1130242,Luke Schoonmaker,TE,,DAL
1162602,Theo Wease Jr.,WR,,MIA
837806,Will Dissly,TE,,FA
1285895,Raheim Sanders,RB,,CLE
1166036,Ashton Dulin,WR,,IND
1175182,Cade Stover,TE,,HOU
1287636,Will Shipley,RB,,PHI
1223318,Darius Cooper,WR,,PHI
1130975,Trey Lance,QB,,LAC
1123521,Tanner McKee,QB,,PHI
1180538,Xavier Weaver,WR,,ARI
1232892,Jalin Hyatt,WR,,NYG
1214183,Xavier Restrepo,WR,,TEN
694117,Cooper Rush,QB,,FA
1287587,Tai Felton,WR,,MIN
1214132,Nathan Carter,RB,,ATL
1222835,Jordan Watkins,WR,,SF
1121050,Jake Bobo,WR,,SEA
1444140,Tyson Bagent,QB,,CHI
1130260,Payne Durham,TE,,TB
1108052,Zach Wilson,QB,,NO
1128075,Kazmeir Allen,RB,,FA
1377751,Damien Martinez,RB,,GB
748309,Nick Mullens,QB,,JAX
555358,Jimmy Garoppolo,QB,,FA
496083,Derek Carr,QB,,FA
910852,Greg Dortch,WR,,DET
1059612,Joshua Palmer,WR,,BUF
1181861,Jacob Cowing,WR,,SF
1323916,J.Michael Sturdivant,WR,,FA
976329,Michael Carter,RB,,TEN
837594,Jeremy McNichols,RB,,WAS
1165333,Dillon Gabriel,QB,,CLE
605242,Tyler Lockett,WR,,FA
399579,Tyrod Taylor,QB,,FA
1176432,Isaiah Williams,WR,,NYJ
501150,Kyle Juszczyk,RB,,SF
1182649,Jackson Hawes,TE,,BUF
1107878,Dyami Brown,WR,,WAS
866973,David Sills V,WR,,TB
1137635,Xavier Smith,WR,,LAR
1115394,Tanner Hudson,TE,,CIN
1122596,Jeremy Ruckert,TE,,NYJ
875444,Adam Trautman,TE,,DEN
913163,Tyler Huntley,QB,,BAL
733643,Adam Thielen,WR,,FA
606551,Chris Moore,WR,,FA
1168410,Gunner Olszewski,WR,,NYG
911236,Tyler Johnson,WR,,FA
1130976,Hunter Luepke,RB,,DAL
590796,Ameer Abdullah,RB,,FA
1213386,Brady Cook,QB,,NYJ
1058648,Charlie Kolar,TE,,LAC
841649,Hunter Renfrow,WR,,FA
246054,Philip Rivers,QB,,FA
1130526,Kevin Austin Jr.,WR,,NO
742382,Marquez Valdes-Scantling,WR,,FA
837824,Drew Sample,TE,,CIN
1215291,Malachi Corley,WR,,CLE
1123630,Julian Hill,TE,,NE
712506,Mo Alie-Cox,TE,,IND
946541,Luke Farrell,TE,,SF
1123525,Brycen Tremayne,WR,,CAR
606501,Raheem Mostert,RB,,FA
1128783,Elijah Moore,WR,,PHI
1057457,Connor Heyward,TE,,LV
273278,Josh Johnson,QB,,CIN
1108937,Jaret Patterson,RB,,LAC
703015,Dare Ogunbowale,RB,,FA
943093,Ian Thomas,TE,,FA
1229133,Rasheen Ali,RB,,BAL
1108202,Brevyn Spann-Ford,TE,,DAL
824428,Andrew Beck,RB,,NYJ
837958,Allen Lazard,WR,,FA
821389,Curtis Samuel,WR,,FA
1178628,Jamari Thrash,WR,,CLE
837820,Dante Pettis,WR,,FA
740704,Johnny Mundt,TE,,PHI
883259,Nick Westbrook-Ikhine,WR,,IND
946261,Tanner Conner,TE,,NYG
823220,Mason Rudolph,QB,,PIT
1412326,Kameron Johnson,WR,,TB
1059680,Quintin Morris,TE,,JAX
861278,Tyler Conklin,TE,,DET
910605,Trayveon Williams,RB,,FA
920944,Ben Skowronek,WR,,PIT
1132517,Nate Adkins,TE,,DEN
1114364,Shedrick Jackson,WR,,LV
885540,Adam Prentice,RB,,FA
915397,C.J. Ham,RB,,FA
1176431,Casey Washington,WR,,ATL
866578,Scotty Miller,WR,,FA
1231559,Malik Heath,WR,,FA
1107037,Josh Whyle,TE,,GB
1062546,Tylan Wallace,WR,,CLE
880322,Alec Ingold,RB,,LAC
920482,Michael Bandy,WR,,DEN
867759,Ray-Ray McCloud III,WR,,FA
1218653,Arian Smith,WR,,NYJ
1323007,Gage Larvadain,WR,,CLE
1112338,Joe Milton III,QB,,DAL
767297,Anthony Firkser,TE,,FA
947634,Chris Oladokun,QB,,KC
1124199,David Martin-Robinson,TE,,TEN
922040,Charlie Woerner,TE,,ATL
322858,Andy Dalton,QB,,PHI
877913,James Proche II,WR,,FA
1056865,Stone Smartt,TE,,PHI
1118668,Ryan Miller,WR,,NYG
1130595,Scott Matlock,RB,,LAC
1108534,Dylan Drummond,WR,,ATL
866149,Josiah Deguara,TE,,FA
921050,Kylen Granson,TE,,TEN
946748,Kene Nwangwu,RB,,NYJ
976924,Kenny Pickett,QB,,CAR
608360,Robbie Chosen,WR,,FA
1130213,Ronnie Bell,WR,,NO
1060545,A.J. Dillon,RB,,CAR
1130230,Hassan Haskins,RB,,FA
820866,Braxton Berrios,WR,,FA
922451,Brittain Brown,RB,,CHI
1110697,Zamir White,RB,,FA
912061,Cedrick Wilson Jr.,WR,,FA
1286050,Corey Kiner,RB,,ARI
1169329,Max Brosmer,QB,,MIN
1059576,Ty Chandler,RB,,NO
920077,Albert Okwuegbunam Jr.,TE,,LV
1128295,British Brooks,RB,,HOU
837087,Tom Kennedy,WR,,DET
1056660,Austin Trammell,WR,,JAX
1323906,Keleki Latu,TE,,BUF
976251,Cam Akers,RB,,SEA
1223301,Jalen Brooks,WR,,ARI
1215308,Mason Kinsey,WR,,TEN
1384869,Dareke Young,WR,,LV
749968,Durham Smythe,TE,,BAL
1173266,Evan Hull,RB,,NO
1130833,Deven Thompkins,WR,,ATL
1067132,Charlie Jones,WR,,CIN
1129452,Ben Sims,TE,,MIA
1123712,James Mitchell,TE,,CAR
1173032,Tahj Washington,WR,,MIA
1168918,Tyler Goodson,RB,,ATL
835861,Trent Sherfield Sr.,WR,,BUF
1284247,Shane Zylstra,TE,,FA
915066,Reggie Gilliam,RB,,NE
1066811,Aidan O'Connell,QB,,LV
1122182,Dylan Laube,RB,,LV
920756,Devin Duvernay,WR,,ARI
976804,Ronnie Rivers,RB,,LAR
1065052,Tay Martin,WR,,FA
976650,Clyde Edwards-Helaire,RB,,FA
1125846,Julius Chestnut,RB,,TEN
882718,Britain Covey,WR,,PHI
1176733,Jared Wayne,WR,,HOU
1225703,Quentin Skinner,WR,,NYJ
1060299,Tucker Fisk,TE,,FA
1107232,Colson Yankoff,TE,,WAS
1108998,Dameon Pierce,RB,,PHI
1176782,Jonathan Mingo,WR,,DAL
1380476,Jacoby Jones,WR,,WAS
1169832,Jakobie Keeney-James,WR,,GB
1216808,Ben Yurosek,TE,,MIN
884315,Alex Bachman,WR,,FA
919304,Velus Jones Jr.,RB,,SEA
976731,Sal Cannella,TE,,CLE
1286173,Moliki Matavao,TE,,NO
1109133,Clayton Tune,QB,,FA
592195,Teddy Bridgewater,QB,,DET
916467,Harrison Bryant,TE,,FA
1251513,Cam Grandy,TE,,CIN
1049915,David Moore,WR,,CAR
1113477,Derius Davis,WR,,LAC
839043,D'Ernest Johnson,RB,,FA
1056747,Tim Jones,WR,,JAX
1109731,Blake Whiteheart,TE,,CLE
658389,Patrick Ricard,RB,,NYG
689689,Pharaoh Brown,TE,,FA
976309,DeeJay Dallas,RB,,JAX
741262,Joshua Dobbs,QB,,FA
604390,Brandon Allen,QB,,FA
1113398,Bryce Oliver,WR,,TEN
563293,Chris Manhertz,TE,,NYG
1232057,Ke'Shawn Williams,WR,,CIN
975503,Jelani Woods,TE,,NYJ
1468632,Carter Runyon,TE,,LV
1228551,Drake Dabney,TE,,GB
920560,Samori Toure,WR,,NO
660151,Robert Tonyan,TE,,FA
1131457,Jacob Saylors,RB,,DET
1172990,Josh Williams,RB,,TB
1121863,Jack Westover,RB,,NE
1332922,Amar Johnson,RB,,LAC
1229673,Kalel Mullings,RB,,TEN
1177970,Xavier Gipson,WR,,NYG
1049797,Owen Wright,RB,,TB
865895,Myles Gaskin,RB,,FA
910377,Feleipe Franks,TE,,CAR
1381164,Sione Vaki,RB,,DET
1167356,Craig Reynolds,RB,,FA
1062314,Malik Cunningham,WR,,DET
472623,James Winchester,TE,,KC
843733,Mitchell Fraboni,TE,,DEN
606799,Zach Wood,TE,,NO
1120499,Evan Deckers,TE,,TB
300580,Andrew DePaola,TE,,MIN
1064955,Brady Russell,RB,,SEA
1128538,Teagan Quitoriano,TE,,ARI
1181739,William Wagner,TE,,CIN
553024,Tyler Ott,TE,,WAS
1125739,Cameron Latu,TE,,PHI
1286480,Dominic Lovett,WR,,DET
1285958,Robbie Ouzts,RB,,SEA
606488,Nick Vannett,TE,,FA
748554,Laquon Treadwell,WR,,IND
1059943,Spencer Brown,RB,,FA
1061591,Cal Adomitis,TE,,PIT
1164736,Nick Kallerup,TE,,SEA
1121887,Justin Shorter,WR,,LV
820601,Jakob Johnson,TE,,FA
1180329,Dalen Cambre,WR,,NYG
1125589,Brayden Willis,TE,,SF
1231079,Jason Brownlee,WR,,KC
214197,Marcedes Lewis,TE,,DEN
1506510,Louis Rees-Zammit,WR,,FA
976236,Trey Sermon,RB,,FA
1161798,Eric Gray,RB,,NYG
1180294,Hayden Rucci,TE,,SF
877596,Steven Sims,WR,,FA
834195,Jeff Wilson Jr.,RB,,FA
1120347,Chris Blair,WR,,ATL
1170916,Jalen Cropper,WR,,FA
1172752,Treyton Welch,TE,,NO
885940,Giovanni Ricci,TE,,FA
830686,Malik Turner,WR,,SF
832900,Chase Edmonds,RB,,FA
1051781,E.J. Jenkins,TE,,PHI
749681,River Cracraft,WR,,FA
1128527,Jermar Jefferson,RB,,FA
1068738,Gary Brightwell,RB,,CIN
1285915,Jackson Meeks,WR,,DET
1176367,Dalevon Campbell,WR,,LAC
881697,Stephen Carlson,TE,,CHI
1184233,Coleman Owen,WR,,IND
1229846,Ricky White III,WR,,SEA
1166045,Nikola Kalinic,TE,,CHI
1317059,Zach Horton,TE,,DET
1287588,CJ Dippre,TE,,NE
944379,Avery Williams,WR,,FA
976797,Jordan Mims,RB,,FA
923814,DJ Turner,WR,,FA
1059585,Princeton Fant,TE,,DAL
886243,Maurice Alexander,WR,,CHI
883314,Dan Chisena,WR,,CAR
1283807,Zach Davidson,TE,,FA
1140248,Cody Schrader,RB,,DEN
1128981,Jashaun Corbin,RB,,FA
1173485,Ulysses Bentley IV,RB,,IND
1050833,Elijah Mitchell,RB,,NE
1315586,Tejhaun Palmer,WR,,ARI
1286662,Jordan Moore,WR,,CIN
1106382,Jeshaun Jones,WR,,MIN
1164141,Courtney Jackson,WR,,SEA
866216,Brett Rypien,QB,,FA
1290100,Ja'Corey Brooks,WR,,WAS
1183008,Jeremiah Webb,WR,,NE
1213442,Jimmy Holiday,WR,,KC
1166480,Lew Nichols,RB,,PIT
1229386,Brennan Presley,WR,,LAR
822014,Russell Gage Jr.,WR,,FA
1232898,Jabari Small,RB,,DET
1122692,Cole Turner,TE,,MIA
911020,Sean McKeon,TE,,IND
1286426,Bryson Green,WR,,ARI
880123,Lawrence Cager,TE,,WAS
1286417,JP Richardson,WR,,CHI
1321029,Tru Edwards,WR,,LAR
1317191,Tre Watson,TE,,KC
1322612,Ja'seem Reed,WR,,CAR
1057725,Carlos Washington Jr.,RB,,ATL
1180332,Isaiah Spiller,RB,,FA
1060276,Daewood Davis,WR,,FA
1172115,Winston Wright Jr.,WR,,FA
1514233,Derek Slywka,WR,,FA
1183036,Anthony Landphere,TE,,FA
1121845,Deion Smith,RB,,FA
922092,Jordan Thomas,TE,,FA
1075002,Daylen Baldwin,WR,,FA
1161426,Makai Polk,WR,,FA
143641,Trey Sanders,RB,,FA
976252,Tre' McKitty,TE,,FA
1123360,Ty Scott,WR,,FA
1233300,Eli Wilson,TE,,FA
884567,Jalen Guyton,WR,,FA
976973,Dalton Keene,TE,,FA
962484,Ethan Fernea,WR,,FA
1185140,OJ Hiliare,WR,,FA
-13000501,Taylor Elgersma,QB,,FA
974492,Kellen Mond,QB,,FA
1113457,Jacob Warren,TE,,FA
976658,Racey McMath,WR,,FA
1213360,Kole Taylor,TE,,FA
1164933,Noah Cain,RB,,FA
1123347,Kobe Lewis,RB,,FA
1120490,Sam Pinckney,WR,,FA
1163988,Ahmarean Brown,WR,,FA
1225059,Marcus Carroll,RB,,FA
1510022,Mike Rigerman,TE,,FA
1509961,JJ Laap,WR,,FA
975816,Jake Fromm,QB,,FA
1243088,Xzavier Henderson,WR,,FA
835437,James Washington,WR,,FA
1107867,Sean Ryan,WR,,FA
1400553,Kevin Jennings,QB,,FA
1226054,DeMeer Blankumsee,WR,,FA
1107008,Ricky Person Jr.,RB,,FA
1171109,Grayson McCall,QB,,FA
1317265,Antario Brown,RB,,FA
1228727,Donovan Smith,QB,,FA
1174184,Hayden Hatten,WR,,FA
1055267,Kyric McGowan,WR,,FA
913826,Byron Pringle,WR,,FA
1218651,Marcus Rosemy-Jacksaint,WR,,FA
1121069,Hassan Hall,RB,,FA
1161730,John Emery Jr.,RB,,FA
1231550,Will Rogers,QB,,FA
895714,Luis Perez,QB,,FA
1127050,Colby Suits,QB,,FA
1214109,Evan Prater,WR,,FA
1129513,Malik Knowles,WR,,FA
1226345,Peny Boone,RB,,FA
1252892,Devon Garrison,TE,,FA
1130844,Gerrit Prince,TE,,FA
922017,La'Mical Perine,RB,,FA
891229,Davion Davis,WR,,FA
1176936,Mason Fairchild,TE,,FA
1051985,Mike Harley Jr.,WR,,FA
919462,Jalen Camp,WR,,FA
1399812,David White Jr.,WR,,FA
1130053,Sam Schnee,WR,,FA
1214174,Donald Chaney,RB,,FA
910766,Anthony Brown Jr.,QB,,FA
1213478,DeaMonte Trayanum,RB,,FA
1175819,Luke Benson,TE,,FA
1110873,Casey Bauman,QB,,FA
1109636,Gerry Bohanon,QB,,FA
1180812,Brent Matiscik,TE,,FA
1402136,Rayshon Luke,RB,,FA
919456,Trevon Wesco,TE,,FA
1121074,Marcus Riley,WR,,FA
1478251,Peewee Jarrett,QB,,FA
1214023,Sevion Morrison,RB,,FA
1149190,Riley Sharp,TE,,FA
1127099,JT Daniels,QB,,FA
1176439,Collin Schlee,QB,,FA
1176966,Jake Smith,WR,,FA
1113490,Jack Colletto,RB,,FA
1121827,Daniel Arias,WR,,FA
1107866,TaMerik Williams,RB,,FA
1049250,Terrell Bynum,WR,,FA
886740,Deontay Burnett,WR,,FA
1054923,Chris Pierce Jr.,TE,,FA
756928,Tarik Cohen,RB,,FA
823811,Nick Bawden,RB,,FA
836164,Trace McSorley,QB,,FA
1067478,Jalen Wayne,WR,,FA
1178413,Isaac Rex,TE,,FA
1379270,Joseph Scates,WR,,FA
1122985,Jacob Copeland,WR,,FA
823040,Isaiah McKenzie,WR,,FA
1106992,Lorenzo Lingard,RB,,FA
696112,Nate Sudfeld,QB,,FA
1162793,Max Duggan,QB,,FA
1328696,Tyrone Howell,WR,,FA
1214316,Duece Watts,WR,,FA
881708,Jesper Horsted,TE,,FA
1108004,Brant Kuithe,TE,,FA
1069366,Zander Horvath,RB,,FA
1121846,Dimitri Stanley,WR,,FA
1161865,Nathaniel Peat,RB,,FA
1108842,Andrew Peasley,QB,,FA
1163998,Jam Griffin,RB,,FA
507528,Logan Thomas,TE,,FA
1184918,Pat Conroy,TE,,FA
867047,Jacques Patrick,RB,,FA
1218635,Daijun Edwards,RB,,FA
920809,Kelvin Harmon,WR,,FA
1136402,Sam Wiglusz,WR,,FA
1131204,Jaren Hall,QB,,FA
1217290,Khalan Griffin,RB,,FA
922011,Tyrie Cleveland,WR,,FA
605325,Jakeem Grant Sr.,WR,,FA
1052852,Colton Dowell,WR,,SF
1326266,Layne Pryor,TE,,HOU
1186796,Isaiah Wooden Sr.,WR,,CLE
691784,C.J. Beathard,QB,,FA
1229869,Montorie Foster Jr.,WR,,SEA
1325830,Lucas Scott,RB,,BAL
1228586,Danny Gray,WR,,PHI
1214088,Gee Scott Jr.,TE,,FA
1223022,Hunter Dekkers,QB,,FA
1214266,Maximilian Mang,TE,,FA
949134,Quez Watkins,WR,,PHI
1446717,Patrick Murtagh,TE,,DEN
1162109,Luke Deal,TE,,FA
910805,Marcus Simms,WR,,FA
1122587,Jaelen Gill,WR,,FA
836094,Tommy Sweeney,TE,,FA
1214921,Ellis Merriweather,RB,,FA
1050233,Ben Mason,TE,,FA
1128305,Antoine Green,WR,,FA
878911,Andy Isabella,WR,,FA
1068165,Shi Smith,WR,,FA
913368,Miller Forristall,TE,,FA
1167079,Jeff Foreman,WR,,FA
1130538,Lawrence Keys III,WR,,FA
1120247,Izaiah Gathings,TE,,FA
1161082,Trey Knox,TE,,FA
1446480,Keilahn Harris,WR,,FA
944636,Armani Rogers,TE,,FA
1284191,Nate McCrary,RB,,FA
1226008,Brandon Thomas,RB,,FA
1128086,Michael Ezeike,TE,,FA
1121156,Alec Holler,TE,,FA
1182196,Christian Johnstone,TE,,FA
1513992,David Wallis,WR,,FA
882309,La'Michael Pettway,TE,,FA
1178347,Xavier White,WR,,FA
1163266,Bru McCoy,WR,,FA
910567,Hunter Kampmoyer,TE,,FA
1229054,DJ Thomas-Jones,TE,,FA
1107236,Jacob Sirmon,QB,,FA
696882,Jacob Hollister,TE,,FA
1106973,Ben Bryant,QB,,FA
1232249,Colin Granger,TE,,FA
1178564,Zakhari Franklin,WR,,FA
1125063,John Paddock,QB,,FA
976657,Jontre Kirklin,WR,,FA
1214082,Julian Fleming,WR,,FA
1585880,Sam Pitz,TE,,FA
840691,Rashaad Penny,RB,,FA
1276671,Jaden Shirden,RB,,FA
1129496,Phillip Brooks,WR,,FA
1443401,Mario Anderson Jr.,RB,,FA
1162601,Trejan Bridges,WR,,FA
1168960,Ayir Asante,WR,,FA
976428,Anthony McFarland Jr.,RB,,FA
882776,Hakeem Butler,WR,,FA
1126822,Elijah Collins,RB,,FA
934331,Denzel Mims,WR,,FA
1128108,Kyle Philips,WR,,FA
1510021,DeAngelo Hardy,WR,,FA
1162606,Austin Stogner,TE,,FA
851225,Sammis Reyes,TE,,FA
1131681,Zach Heins,TE,,FA
1222131,Kyren Lacy,WR,,FA
1164535,Tre Mosley,WR,,FA
1172107,Ali Jennings,WR,,FA
1161856,Austin Jones,RB,,FA
1180368,Peter LeBlanc,WR,,FA
1248720,Joey Hobert,WR,,FA
1214833,Jabre Barber,WR,,FA
1313931,Lincoln Sefcik,TE,,FA
1120925,SaRodorick Thompson Jr.,RB,,FA
975827,Easop Winston Jr.,WR,,FA
951485,Kawaan Baker,WR,,FA
912319,Mathew Sexton,WR,,FA
1123086,Je'Quan Burton,WR,,FA
750097,Matt Breida,RB,,FA
1054872,Isaiah Winstead,WR,,FA
976243,E.J. Perry,QB,,FA
1049552,Griffin Hebert,WR,,FA
1109989,Jaray Jenkins,WR,,FA
1214042,Maliq Carr,TE,,FA
1058681,Justin Hall,WR,,FA
1163749,Aidan Robbins,RB,,FA
1511554,EJ Smith,RB,,FA
1120135,Cam Johnson,WR,,FA
866174,Tyler Davis,TE,,FA
602241,DeVante Parker,WR,,FA
1121070,Tyler Harrell,WR,,FA
1178556,Oscar Cardenas,TE,,FA
1122507,Trent Pennix,RB,,FA
1229056,Henry Parrish Jr.,RB,,FA
1214288,Quinton Cooley,RB,,FA
1229171,Chandler Morris,QB,,FA
1509800,Kyle Sheets,WR,,FA
1109627,Austin Watkins Jr.,WR,,FA
1215792,Zach Evans,RB,,FA
1392077,Brevin Easton,WR,,FA
830751,Daurice Fountain,WR,,FA
976450,Mohamed Ibrahim,RB,,FA
1319008,Rushawn Baker,RB,,FA
1186307,Treshaun Ward,RB,,FA
865567,Tyron Billy-Johnson,WR,,FA
1178073,Lincoln Victor,WR,,FA
1131214,Dax Milne,WR,,FA
1130007,Jalen Jackson,RB,,FA
946004,Samson Nacua,WR,,FA
1130621,Chevan Cordeiro,QB,,FA
1184077,Shaquan Davis,WR,,FA
1109657,Spencer Petras,QB,,FA
911027,Gerrid Doaks,RB,,FA
1172032,KJ Jefferson,QB,,FA
866112,Stanley Morgan Jr.,WR,,FA
1178561,De'Corian Clark,WR,,FA
741292,Greg Ward,WR,,FA
1107298,Zack Annexstad,QB,,FA
1284057,Bernhard Seikovits,TE,,FA
1111498,Reggie Brown,WR,,FA
1225694,Jared Casey,TE,,FA
883079,Zach Gentry,TE,,FA
1215323,D.K. Kaufman,RB,,FA
1165652,Kairee Robinson,RB,,FA
821950,Jake Luton,QB,,FA
1213721,Ethan Garbers,QB,,FA
914308,Jake Funk,RB,,FA
1178737,Kyle Ford,WR,,FA
935156,Kwamie Lassiter II,WR,,FA
1408823,Jelani Baker,WR,,FA
1166833,Brett Gabbert,QB,,FA
1174735,Marcus Major Jr.,RB,,FA
1443386,Leon Johnson,WR,,FA
1161677,Joseph Ngata,WR,,FA
1161114,Snoop Conner,RB,,FA
1165348,Hank Bachmeier,QB,,FA
1172039,Dominick Blaylock,WR,,FA
1231663,Dillon Johnson,RB,,FA
911710,Austin Mack,WR,,FA
1214733,Corey Rucker,WR,,FA
1161687,Frank Ladson Jr.,WR,,FA
1131687,Jaxon Janke,WR,,FA
1173128,Jalon Calhoun,WR,,FA
1214868,Hudson Card,QB,,FA
1122649,Henry Pearson,TE,,FA
602091,Martavis Bryant,WR,,FA
1319219,Carson Steele,RB,,PHI
555693,Robert Woods,WR,,FA
658447,Zach Pascal,WR,,FA
1068724,Raheem Blackshear,RB,,FA
733754,Mike Williams,WR,,FA
886641,JaMycal Hasty,RB,,FA
1229765,Jaheim Bell,TE,,PHI
838396,Jordan Akins,TE,,FA
1059221,Ihmir Smith-Marsette,WR,,ARI
650914,Amari Cooper,WR,,FA
1050335,Pierre Strong Jr.,RB,,GB
1061929,Laviska Shenault Jr.,WR,,FA
1169424,Jha'Quan Jackson,WR,,FA
1231136,Javon Baker,WR,,FA
1214112,Tyler Scott,WR,,LAR
1226343,Rakim Jarrett,WR,,FA
1131206,Dallin Holker,TE,,FA
911644,Collin Johnson,WR,,FA
881058,K.J. Osborn,WR,,TEN
1215974,Chris Collier,RB,,LV
1180328,Ainias Smith,WR,,CAR
884943,Trenton Irwin,WR,,FA
1049254,Jake Haener,QB,,FA
1228925,Deuce Vaughn,RB,,DEN
589984,Odell Beckham Jr.,WR,,FA
822008,DJ Chark,WR,,FA
1109285,Terrace Marshall Jr.,WR,,MIA
1059684,Desmond Ridder,QB,,GB
1172173,Keilan Robinson,RB,,FA
976066,Jalen Reagor,WR,,FA
1128116,Dorian Thompson-Robinson,QB,,FA
554431,Eric Tomlinson,TE,,FA
842181,Mike Boone,RB,,FA
1161816,Ramel Keyton,WR,,FA
1166235,Sincere McCormick,RB,,FA
912596,Jalen Virgil,WR,,BUF
1054203,John Samuel Shenker,TE,,FA
912553,Jonathan Ward,RB,,FA
1225999,Brenden Rice,WR,,LV
1049792,Nick Muse,TE,,FA
910380,Kyle Trask,QB,,FA
976966,Hendon Hooker,QB,,TEN
933537,J.J. Taylor,RB,,FA
599113,Taylor Heinicke,QB,,FA
1108990,Blake Watson,RB,,TEN
557860,Sean Mannion,QB,,FA
605335,DeAndre Washington,RB,,FA
1060671,Tommy DeVito,QB,,NE
1108526,Thomas Odukoya,TE,,FA
948705,Rodney Williams,TE,,FA
846264,Parker Hesse,TE,,FA
1120915,Erik Ezukanma,WR,,FA
1106846,Michael Woods II,WR,,FA
1121220,Dante Miller,RB,,NYG
1168245,Sam Howell,QB,,DAL
921460,Brandon Johnson,WR,,DEN
1051044,Aaron Shampklin,RB,,FA
1060650,Montrell Washington,WR,,FA
555648,Jordan Matthews,TE,,FA
1058090,Bailey Zappe,QB,,NYJ
976809,Elijah Cooks,WR,,NO
1134438,Tanner McLachlan,TE,,LAC
741447,Tim Boyle,QB,,FA
921454,Marquez Callaway,WR,,FA
1107595,Zack Kuntz,TE,,MIA
1131023,Jaylen Johnson,WR,,FA
867754,Deon Cain,WR,,FA
976528,KJ Hamler,WR,,FA
1248782,Silas Bolden,WR,,FA
1124626,Geor'Quarius Spivey,TE,,FA
1222996,Lawrance Toafili,RB,,FA
1215789,Juice Wells Jr.,WR,,FA
1214187,Key'Shawn Smith,WR,,FA
1132122,Jesse Matthews,WR,,FA
974825,Kadarius Toney,WR,,FA
1523471,Tre Stewart,RB,,FA
1270617,JJ Galbreath,TE,,PIT
1405106,Andrew Armstrong,WR,,KC
1316545,ShunDerrick Powell,RB,,KC
1125632,Carter Bradley,QB,,JAX
1169263,Chandler Brayboy,WR,,JAX
1510975,Cole Burgess,WR,,PIT
1287980,Seth Henigan,QB,,IND
1225702,Luke Grimm,WR,,LAC
884350,Scotty Washington,TE,,FA
732107,Logan Woodside,QB,,FA
1056392,Lance McCutcheon,WR,,TEN
838318,Chris Myarick,TE,,FA
1181659,Cornelius Johnson,WR,,BAL
1214289,Ahmani Marshall,RB,,CLE
1325513,Hal Presley III,WR,,TEN
1218906,Marshall Lang,TE,,NE
1313642,Montrell Johnson Jr.,RB,,CAR
1287778,Anthony Tyus III,RB,,CAR
1060890,Tanner Taula,TE,,FA
1067089,Sean Clifford,QB,,CIN
1213897,Garrett Greene,WR,,TB
1478205,John Jiles,WR,,NE
1215927,Luke Lachey,TE,,HOU
1326964,Junior Bergen,WR,,SF
1287826,Kyle McCord,QB,,GB
746244,Keith Kirkwood,WR,,FA
1170921,Josh Kelly,WR,,HOU
820423,Will Grier,QB,,FA
1315563,Bryson Nesbit,TE,,MIN
1222139,Dontae Fleming,WR,,MIN
836347,John Wolford,QB,,FA
1382993,Jamaal Pritchett,WR,,NYJ
1171816,Connor Bazelak,QB,,TB
1213248,Traeshon Holden,WR,,DAL
1214249,Israel Abanikanda,RB,,DAL
1123364,Joel Wilson,TE,,TEN
1287566,Donovan Edwards,RB,,MIA
1242787,Cam Miller,QB,,MIA
596417,Phillip Dorsett II,WR,,LV
1229541,A.J. Henning,WR,,MIA
1165650,Nick Nash,WR,,WAS
1109711,Sam Hartman,QB,,WAS
1462491,JaQuae Jackson,WR,,LAC
1213928,DJ Uiagalelei,QB,,LAC
1217021,Max Hurleman,WR,,PIT
1166335,Joshua Simon,TE,,ATL
831007,Easton Stick,QB,,FA
1233127,Frank Gore Jr.,RB,,BUF
1213730,Mark Redman,TE,,LAR
1164951,Graham Mertz,QB,,HOU
975829,Sam Ehlinger,QB,,DEN
1060645,Thayer Thomas,WR,,FA
1181894,Tyrone Broden,WR,,SEA
914812,Demetric Felton,RB,,FA
1271703,Jamoi Mayes,WR,,FA
1173174,Jordan Waters,RB,,FA
1215427,Tommy Mellott,WR,,FA
1229370,Rashod Owens,WR,,FA
1122502,Devin Leary,QB,,FA
1174314,Jerjuan Newton,WR,,FA
1288729,Jordan Bly,WR,,FA
1115470,Johnny Lumpkin,TE,,FA
1586628,Taylor Elgersma,QB,,FA
1326603,Dorian Singer,WR,,FA
912070,Michael Gallup,WR,,FA
1180363,Neal Johnson,TE,,FA
1161729,Tyrion Davis-Price,RB,,FA
1191983,Tyreik McAllister,WR,,FA
1128616,Ben Wooldridge,QB,,FA
1251216,Daniel Jackson,WR,,FA
652520,Alex Erickson,WR,,FA
1296464,Quincy Skinner Jr.,WR,,FA
1378836,Cam Camper,WR,,FA
1213908,Ajou Ajou,WR,,FA
1213390,Elijah Young,RB,,FA
1181656,Giles Jackson,WR,,FA
1163134,Baylor Cupp,TE,,FA
1123102,Austin Reed,QB,,FA
1388202,Darius Lassiter,WR,,FA
1586435,Tyler Kahmann,WR,,FA
1177620,Taylor Morin,WR,,FA
1213482,Elijhah Badger,WR,,FA
1173391,Terique Owens,WR,,FA
1175504,Ian Wheeler,RB,,FA
1214294,Jahmal Banks,WR,,FA
1215044,Kobe Hudson,WR,,FA
1215506,Dymere Miller,WR,,FA
1110725,Justyn Ross,WR,,FA
913155,Cole Fotheringham,TE,,FA
824080,Dalvin Cook,RB,,FA
1056950,Deon Jackson,RB,,FA
1079304,Troy Hairston,RB,,FA
1058767,Ontaria Wilson,WR,,FA
1223756,Mac Dalena,WR,,NYJ
1228243,Ja'Quinden Jackson,RB,,JAX
546184,Trevor Siemian,QB,,ATL
1214242,Caden Prieskorn,TE,,CLE
1382752,Bryce Pierre,TE,,CAR
1172746,Isaiah Neyor,WR,,GB
1136395,Xavier Johnson,WR,,CIN
924362,Quintez Cephus,WR,,FA
1277932,Joaquin Davis,WR,,MIN
1223744,Rivaldo Fairweather,TE,,ARI
1215379,Xavier Guillory,WR,,FA
824177,Matt Sokol,TE,,FA
1168753,Patrick Herbert,TE,,JAX
1215329,Will Sheppard,WR,,GB
1180557,Kyrese Rowan,WR,,DEN
1176792,John Rhys Plumlee,WR,,PIT
1286441,Mario Williams,WR,,LAR
1215078,Stephen Gosnell,WR,,BUF
1231431,Caleb Lohner,TE,,DEN
1069763,Stetson Bennett IV,QB,,LAR
1130004,Qadir Ismail,TE,,CHI
1214164,Nate McCollum,WR,,FA
1327421,Roc Taylor,WR,,FA
1125555,Chase Cota,WR,,FA
884553,Miles Boykin,WR,,FA
1602898,Shane Watts,RB,,FA
1052860,Dresser Winn,QB,,FA
882436,Michael Jacobson,TE,,FA
1223042,Stevo Klotz,TE,,FA
885394,Mitchell Wilcox,TE,,FA
911219,Seth Green,TE,,FA
1122691,Toa Taua,RB,,FA
1215093,John Copenhaver,TE,,FA
1118722,Jason Bean,QB,,FA
1117791,Landon Parker,WR,,FA
1161190,Kevin Harris,RB,,FA
1050230,Tarik Black,WR,,FA
1589027,Mitch Van Vooren,TE,,FA
1174651,Nay'Quan Wright,RB,,FA
1222897,Quali Conley,RB,,FA
946101,Tony Jones Jr.,RB,,FA
1191979,Mike Strachan,WR,,FA
1456220,Phil Lutz,WR,,FA
1112357,Shawn Bowman,TE,,FA
1181288,Payton Thorne,QB,,FA
1285893,Ketron Jackson Jr.,WR,,FA
1233292,Nate Noel,RB,,FA
879277,Ben DiNucci,QB,,DEN
1179244,Michael Wiley,RB,,TB
1163445,Eli Pancol,WR,,IND
1124355,Messiah Swinson,TE,,GB
1058076,Dennis Houston,WR,,TB
592538,Jeff Driskel,QB,,FA
1218880,Luke Floriea,WR,,CLE
835779,Royce Freeman,RB,,FA
1107326,Thomas Yassmin,TE,,LAC
1127066,McCallan Castles,TE,,GB
1109758,A.T. Perry,WR,,DEN
338280,Case Keenum,QB,,CHI
910808,Stephen Sullivan,TE,,FA
747906,John Ross III,WR,,FA
1228255,Moochie Dixon,WR,,FA
913546,Cornell Powell,WR,,FA
1325467,Monaray Baldwin,WR,,FA
1510955,Kevin Foelsch,TE,,FA
1400365,Blayne Taylor,WR,,FA
1225057,Robert Lewis,WR,,FA
1060861,Jacob Kibodi,RB,,FA
1171333,Ife Adeyi,WR,,FA
1168780,Micah Bernard,RB,,FA
1161818,Kedon Slovis,QB,,ARI
1107584,Adrian Martinez,QB,,SF
922484,Travis Homer,RB,,PIT
880146,Nyheim Miller-Hines,RB,,FA
822350,Kyle Allen,QB,,BUF
1231033,LaJohntay Wester,WR,,BAL
752646,Jamal Agnew,WR,,FA
922026,Mecole Hardman Jr.,WR,,BUF
1228728,Myles Price,WR,,MIN
1050234,Donovan Peoples-Jones,WR,,FA
599649,Jamison Crowder,WR,,FA
878371,Joshua Kelley,RB,,FA
742387,Tyler Boyd,WR,,FA
552586,MyCole Pruitt,TE,,FA
1062845,Xazavian Valladay,RB,,FA
1222147,Emani Bailey,RB,,FA
1213251,Jase McClellan,RB,,FA
881956,Hayden Hurst,TE,,FA
1167484,Jody Fortson,TE,,FA
609496,Allen Robinson II,WR,,FA
1106854,Jack Plummer,QB,,FA
695311,Jamaal Williams,RB,,FA
881670,Lucky Jackson,WR,,FA
1065138,Peyton Hendershot,TE,,FA
835845,Khari Blasingame,RB,,FA
886392,Jacob Harris,WR,,FA
752665,Ross Dwelley,TE,,FA
1386002,Kaden Davis,WR,,FA
741785,Mike White,QB,,FA
924381,Kendric Pryor,WR,,CIN
1213345,Kendall Milton,RB,,CIN
593305,C.J. Uzomah,TE,,FA
913170,Zack Moss,RB,,FA
728021,Geoff Swaim,TE,,FA
1166545,Deonte Harty,WR,,FA
833514,Cody Thompson,WR,,FA
1056438,Jaelon Darden,WR,,FA
1068199,Braylon Sanders,WR,,FA
1271323,Marcus Yarns,RB,,FA
820435,Brandon Powell,WR,,FA
1054175,Elijah Dotson,RB,,FA
739799,Gus Edwards,RB,,FA
976393,Dominique Dafney,TE,,FA
691055,Nelson Agholor,WR,,FA
835443,D'Onta Foreman,RB,,FA
1218631,Jermaine Burton,WR,,FA
1313664,Jacolby George,WR,,FA
1117789,T.J. Luther,WR,,FA
749136,Anthony Miller,WR,,FA
877807,Ke'Shawn Vaughn,RB,,FA
690153,Cordarrelle Patterson,RB,,FA
838487,Gerald Everett,TE,,FA
591801,Chris Conley,WR,,FA
838415,Tre'Quan Smith,WR,,FA
946094,Chase Claypool,WR,,FA
836079,Juwann Winfree,WR,,FA
912698,Josh Pederson,TE,,FA
977636,Sage Surratt,TE,,FA
757521,KhaDarel Hodge,WR,,FA
1108996,Emory Jones,QB,,FA
884080,Van Jefferson,WR,,WAS
1116663,Will Levis,QB,,TEN
924261,Miles Sanders,RB,,FA
1178557,Joshua Cephus,WR,,FA
1172969,Dayton Wade,WR,,BAL
612512,DeAndre Carter,WR,,FA
1229489,Tip Reiman,TE,,ARI
1068822,Travis Vokolek,TE,,FA
1123496,Simi Fehoko,WR,,ARI
865838,Andre Baccellia,WR,,ARI
746491,Zay Jones,WR,,FA
911239,Ko Kieft,TE,,TB
1271740,Drew Ogletree,TE,,IND
1049246,Salvon Ahmed,RB,,FA
1161661,Anthony Gould,WR,,IND
1063397,D.J. Montgomery,WR,,FA
1130270,Rondale Moore,WR,,FA
822367,Josh Reynolds,WR,,FA
911985,Jack Stoll,TE,,CLE
1182695,Mason Tipton,WR,,NO
865573,Foster Moreau,TE,,HOU
1172080,Bub Means,WR,,NO
1466721,Mason Pline,TE,,FA
1161739,Trey Palmer,WR,,NO
926280,Dee Eskridge,WR,,FA
1229218,Jalin Conyers,TE,,MIA
836103,Noah Brown,WR,,FA
881048,Tyree Jackson,TE,,FA
1179480,Da'Quan Felton,WR,,FA
1120937,Bryce Ford-Wheaton,WR,,FA
1287705,Beaux Collins,WR,,NYG
976761,Gabe Davis,WR,,FA
875649,Donald Parham Jr.,TE,,FA
1128998,Deneric Prince,RB,,FA
1215658,Lan Larison,RB,,NE
1121871,Brevin Jordan,TE,,HOU
733849,Trent Taylor,WR,,FA
1057484,Cody White,WR,,SEA
1172050,Kenny McIntosh,RB,,SEA
1127080,Nikko Remigio,WR,,KC
867303,Gardner Minshew II,QB,,ARI
1287639,Jake Briningstool,TE,,KC
1125882,Keaontay Ingram,RB,,FA
1213486,Johnny Wilson,WR,,PHI
1131017,John FitzPatrick,TE,,FA
978120,Brock Wright,TE,,DET
1163265,Roschon Johnson,RB,,CHI
556483,Michael Burton,RB,,FA
1122323,Lucas Krull,TE,,DEN
1118734,David Durden,WR,,FA
1125607,Tanner Mordecai,QB,,FA
1214876,Troy Omeire,WR,,FA
1214220,Cole Burgess,WR,,FA
1313855,Roderick Daniels Jr.,WR,,FA
1180433,TJ Sheffield,WR,,FA
1178635,Kay'Ron Lynch-Adams,RB,,FA
879766,John Kelly Jr.,RB,,FA
1161887,John Jackson III,WR,,FA
1058726,Julian Hicks,WR,,FA
1267471,Kisean Johnson,WR,,FA
1181302,Cade McDonald,WR,,FA
1173480,Jacardia Wright,RB,,SEA
1222478,Tyler Neville,TE,,FA
865649,Bryce Perkins,QB,,FA
1274459,Jermaine Jackson,WR,,FA
1067451,Savon Scarver,WR,,FA
1446848,Brian Walker,TE,,FA
690981,Bryce Treggs,WR,,FA
1060285,Johnny Johnson III,WR,,FA
1225667,Montana Lemonious-Craig,WR,,FA
1174714,Justin Lockhart,WR,,FA
1509833,Wayne Ruby,WR,,FA
1229326,Wesley Steiner,RB,,FA
1134414,Rory Starkey,WR,,FA
1581232,Jordan Petaia,TE,,FA
1051232,Hamze El-Zayat,WR,,FA
1287655,Thomas Fidone II,TE,,NYG
1317287,Brock Lampe,RB,,NE
1182082,Terrell Jennings,RB,,NE
943635,Patrick Taylor Jr.,RB,,SF
1130245,Ben VanSumeren,RB,,FA
1319246,Kye Robichaux,RB,,DET
1181892,Deion Hankins,RB,,CHI
1173254,Thomas Gordon,TE,,DET
1214318,Michael Pratt,QB,,FA
875523,Kristian Wilkerson,WR,,FA
911619,Shane Buechele,QB,,BUF
1113487,John Stephens Jr.,TE,,FA
1180347,David Bell,WR,,FA
1287258,Gavin Bartholomew,TE,,MIN
883312,Irvin Charles,WR,,NYJ
1379258,Drew Allar,QB,,FA
1288113,Taylen Green,QB,,FA
1321073,Sawyer Robertson,QB,,FA
1324976,Cole Payton,QB,,FA
1286262,Miller Moss,QB,,FA
1448305,Joey Aguilar,QB,,FA
1225681,Jalon Daniels,QB,,FA
1286388,Behren Morton,QB,,FA
1169299,Joe Fagnano,QB,,FA
1286214,Luke Altmyer,QB,,FA
1214336,Haynes King,QB,,FA
1287925,Athan Kaliakmanis,QB,,FA
1228539,Blake Shapen,QB,,FA
1178322,Maverick McIvor,QB,,FA
1379409,Tommy Castellanos,QB,,FA
1164691,Jacob Clark,QB,,FA
1442407,Jake Retzlaff,QB,,FA
1286509,Kaidon Salter,QB,,FA
1271545,Mark Gronowski,QB,,FA
1286337,Kyron Drones,QB,,FA
1460634,Rahsul Faison,RB,,FA
1394697,Anthony Hankerson,RB,,FA
1396978,Star Thomas,RB,,FA
1286690,Jamal Haynes,RB,,FA
1229055,Kentrel Bullock,RB,,FA
1443998,Robert Henry Jr.,RB,,FA
1445256,Davon Booth,RB,,FA
1223748,Kejon Owens,RB,,FA
1329289,Cash Jones,RB,,FA
1270601,Shomari Lawrence,RB,,FA
1305864,Josh McCray,RB,,FA
1325618,Jaden Nixon,RB,,FA
1287829,Evan Pryor,RB,,FA
1324988,Barika Kpeenu,RB,,FA
1400074,Tawee Walker,RB,,FA
1325800,Chase Roberts,WR,,FA
1406878,Colbie Young,WR,,FA
1287810,Harrison Wallace III,WR,,FA
1390939,Reggie Virgil,WR,,FA
1323864,O'Mega Blake,WR,,FA
1214123,Keelan Marion,WR,,FA
1321078,Jalen Walthall,WR,,FA
1382670,Cyrus Allen,WR,,FA
1286652,Lewis Bond,WR,,FA
1381305,Nic Anderson,WR,,FA
1339352,Jeff Caldwell,WR,,FA
1313657,Romello Brinson,WR,,FA
1402692,Noah Thomas,WR,,FA
1398511,Emmanuel Henderson Jr.,WR,,FA
1401629,Vinny Anthony II,WR,,FA
1379331,Jordan Hudson,WR,,FA
1441191,Malik Benson,WR,,FA
1222614,Anthony Smith,WR,,FA
1397608,Noah Short,WR,,FA
1452585,Michael Wortham,WR,,FA
1214732,Lincoln Pare,WR,,FA
1228631,Trebor Pena,WR,,FA
1290542,Donaven McCulley,WR,,FA
1396942,Dillon Bell,WR,,FA
1226344,Nick DeGennaro,WR,,FA
1390913,Wesley Grimes,WR,,FA
1321079,RaRa Thomas,WR,,FA
1320390,Jalil Farooq,WR,,FA
1378910,Kendrick Law,WR,,FA
1400513,Hank Beatty,WR,,FA
1234088,Caullin Lacy,WR,,FA
1445267,Jacob De Jesus,WR,,FA
1395874,Eli Heidenreich,WR,,FA
1172922,Ryan Davis,WR,,FA
1316481,Gabriel Benyard,WR,,FA
1398544,Kobe Prentice,WR,,FA
1324913,Max Tomczak,WR,,FA
1400070,Junior Vandeross III,WR,,FA
1445120,DT Sheffield,WR,,FA
1288045,Will Pauling,WR,,FA
1380572,Dae'Quan Wright,TE,,FA
1244224,Riley Nowakowski,TE,,FA
1319948,Josh Cuevas,TE,,FA
1229542,Dan Villari,TE,,FA
1214003,Nate Boerkircher,TE,,FA
1290014,Seydou Traore,TE,,FA
1322367,Will Kacmarek,TE,,FA
1405857,Marlin Klein,TE,,FA
1286401,DJ Rogers,TE,,FA
1407374,Lance Mason,TE,,FA
1286282,Lake McRee,TE,,FA
1326555,Bauer Sharp,TE,,FA
1381307,Jaren Kanak,TE,,FA
1395857,Josh Kattus,TE,,FA
1288071,Chamon Metayer,TE,,FA
1229693,Matthew Hibner,TE,,FA
1310628,Khalil Dinkins,TE,,FA
1399934,Miles Kitselman,TE,,FA
1400558,RJ Maryland,TE,,FA
1325589,Drew Biber,TE,,FA
1378036,Jeremiah Franklin,TE,,FA
1403373,Jack Velling,TE,,FA
1393863,Cody Hardy,TE,,FA
1166989,Kurtis Rourke,QB,,SF
1166944,Malik Taylor,WR,,FA
943189,Trishton Jackson,WR,,FA
1161897,D.J. Williams,RB,,FA
923834,Dez Fitzpatrick,WR,,FA
884601,Equanimeous St. Brown,WR,,FA
881056,Tyler Mabry,TE,,FA
1286172,Jermaine Terry II,TE,,FA
944428,Irv Smith Jr.,TE,,FA
943843,Kenny Yeboah,TE,,FA
1323751,Grant DuBose,WR,,FA
1181832,Jaden Smith,WR,,FA
1289220,Zaire Mitchell-Paden,TE,,NO
913829,Skylar Thompson,QB,,FA
944343,Alexander Mattison,RB,,FA
915030,Darrynton Evans,RB,,FA
1069783,Matt Landers,WR,,FA
1286521,Kaden Prather,WR,,FA
1224653,Jalen White,RB,,FA
1125599,Drake Stoops,WR,,FA
